op_name,dtype,b,nh,nh_kv,hd,s_q,s_kv,time_ms,flops,bytes
cudagraph_flashattn,float16,64,32,8,128,8192,32768,OOM,0,0
cudagraph_flashattn,float16,64,32,8,128,8192,16384,OOM,0,0
cudagraph_flashattn,float16,64,32,8,128,8192,8192,OOM,0,0
cudagraph_flashattn,float16,64,32,8,128,8192,4096,169.613351,35184372088832,9663676416
cudagraph_flashattn,float16,64,32,8,128,8192,2048,OOM,0,0
cudagraph_flashattn,float16,64,32,8,128,8192,1024,OOM,0,0
cudagraph_flashattn,float16,64,32,8,128,8192,512,OOM,0,0
cudagraph_flashattn,float16,64,32,8,128,8192,256,OOM,0,0
cudagraph_flashattn,float16,64,32,8,128,8192,128,OOM,0,0
cudagraph_flashattn,float16,64,32,8,128,4096,32768,OOM,0,0
cudagraph_flashattn,float16,64,32,8,128,4096,16384,OOM,0,0
cudagraph_flashattn,float16,64,32,8,128,4096,8192,OOM,0,0
cudagraph_flashattn,float16,64,32,8,128,4096,4096,OOM,0,0
cudagraph_flashattn,float16,64,32,8,128,4096,2048,OOM,0,0
cudagraph_flashattn,float16,64,32,8,128,4096,1024,OOM,0,0
cudagraph_flashattn,float16,64,32,8,128,4096,512,OOM,0,0
cudagraph_flashattn,float16,64,32,8,128,4096,256,OOM,0,0
cudagraph_flashattn,float16,64,32,8,128,4096,128,OOM,0,0
cudagraph_flashattn,float16,64,32,8,128,2048,32768,OOM,0,0
cudagraph_flashattn,float16,64,32,8,128,2048,16384,OOM,0,0
cudagraph_flashattn,float16,64,32,8,128,2048,8192,OOM,0,0
cudagraph_flashattn,float16,64,32,8,128,2048,4096,OOM,0,0
cudagraph_flashattn,float16,64,32,8,128,2048,2048,OOM,0,0
cudagraph_flashattn,float16,64,32,8,128,2048,1024,OOM,0,0
cudagraph_flashattn,float16,64,32,8,128,2048,512,OOM,0,0
cudagraph_flashattn,float16,64,32,8,128,2048,256,OOM,0,0
cudagraph_flashattn,float16,64,32,8,128,2048,128,OOM,0,0
cudagraph_flashattn,float16,64,32,8,128,1024,32768,OOM,0,0
cudagraph_flashattn,float16,64,32,8,128,1024,16384,OOM,0,0
cudagraph_flashattn,float16,64,32,8,128,1024,8192,OOM,0,0
cudagraph_flashattn,float16,64,32,8,128,1024,4096,OOM,0,0
cudagraph_flashattn,float16,64,32,8,128,1024,2048,OOM,0,0
cudagraph_flashattn,float16,64,32,8,128,1024,1024,OOM,0,0
cudagraph_flashattn,float16,64,32,8,128,1024,512,OOM,0,0
cudagraph_flashattn,float16,64,32,8,128,1024,256,OOM,0,0
cudagraph_flashattn,float16,64,32,8,128,1024,128,OOM,0,0
cudagraph_flashattn,float16,64,32,8,128,512,32768,OOM,0,0
cudagraph_flashattn,float16,64,32,8,128,512,16384,OOM,0,0
cudagraph_flashattn,float16,64,32,8,128,512,8192,OOM,0,0
cudagraph_flashattn,float16,64,32,8,128,512,4096,OOM,0,0
cudagraph_flashattn,float16,64,32,8,128,512,2048,OOM,0,0
cudagraph_flashattn,float16,64,32,8,128,512,1024,OOM,0,0
cudagraph_flashattn,float16,64,32,8,128,512,512,OOM,0,0
cudagraph_flashattn,float16,64,32,8,128,512,256,OOM,0,0
cudagraph_flashattn,float16,64,32,8,128,512,128,OOM,0,0
cudagraph_flashattn,float16,64,32,8,128,256,32768,OOM,0,0
cudagraph_flashattn,float16,64,32,8,128,256,16384,OOM,0,0
cudagraph_flashattn,float16,64,32,8,128,256,8192,OOM,0,0
cudagraph_flashattn,float16,64,32,8,128,256,4096,OOM,0,0
cudagraph_flashattn,float16,64,32,8,128,256,2048,OOM,0,0
cudagraph_flashattn,float16,64,32,8,128,256,1024,OOM,0,0
cudagraph_flashattn,float16,64,32,8,128,256,512,OOM,0,0
cudagraph_flashattn,float16,64,32,8,128,256,256,OOM,0,0
cudagraph_flashattn,float16,64,32,8,128,256,128,OOM,0,0
cudagraph_flashattn,float16,64,32,8,128,128,32768,OOM,0,0
cudagraph_flashattn,float16,64,32,8,128,128,16384,OOM,0,0
cudagraph_flashattn,float16,64,32,8,128,128,8192,OOM,0,0
cudagraph_flashattn,float16,64,32,8,128,128,4096,OOM,0,0
cudagraph_flashattn,float16,64,32,8,128,128,2048,OOM,0,0
cudagraph_flashattn,float16,64,32,8,128,128,1024,OOM,0,0
cudagraph_flashattn,float16,64,32,8,128,128,512,OOM,0,0
cudagraph_flashattn,float16,64,32,8,128,128,256,0.776360,34359738368,201326592
cudagraph_flashattn,float16,64,32,8,128,128,128,0.444740,17179869184,167772160
cudagraph_flashattn,float16,64,32,8,128,64,32768,47.944660,2199023255552,8657043456
cudagraph_flashattn,float16,64,32,8,128,64,16384,OOM,0,0
cudagraph_flashattn,float16,64,32,8,128,64,8192,OOM,0,0
cudagraph_flashattn,float16,64,32,8,128,64,4096,OOM,0,0
cudagraph_flashattn,float16,64,32,8,128,64,2048,3.152253,137438953472,603979776
cudagraph_flashattn,float16,64,32,8,128,64,1024,1.671307,68719476736,335544320
cudagraph_flashattn,float16,64,32,8,128,64,512,0.878037,34359738368,201326592
cudagraph_flashattn,float16,64,32,8,128,64,256,0.501426,17179869184,134217728
cudagraph_flashattn,float16,64,32,8,128,64,128,0.274444,8589934592,100663296
cudagraph_flashattn,float16,64,32,8,128,32,32768,47.939676,1099511627776,8623489024
cudagraph_flashattn,float16,64,32,8,128,32,16384,OOM,0,0
cudagraph_flashattn,float16,64,32,8,128,32,8192,OOM,0,0
cudagraph_flashattn,float16,64,32,8,128,32,4096,OOM,0,0
cudagraph_flashattn,float16,64,32,8,128,32,2048,3.092513,68719476736,570425344
cudagraph_flashattn,float16,64,32,8,128,32,1024,1.612368,34359738368,301989888
cudagraph_flashattn,float16,64,32,8,128,32,512,0.842975,17179869184,167772160
cudagraph_flashattn,float16,64,32,8,128,32,256,0.453956,8589934592,100663296
cudagraph_flashattn,float16,64,32,8,128,32,128,0.209378,4294967296,67108864
cudagraph_flashattn,float16,64,32,8,128,16,32768,47.857001,549755813888,8606711808
cudagraph_flashattn,float16,64,32,8,128,16,16384,OOM,0,0
cudagraph_flashattn,float16,64,32,8,128,16,8192,OOM,0,0
cudagraph_flashattn,float16,64,32,8,128,16,4096,6.149215,68719476736,1090519040
cudagraph_flashattn,float16,64,32,8,128,16,2048,3.067247,34359738368,553648128
cudagraph_flashattn,float16,64,32,8,128,16,1024,1.565833,17179869184,285212672
cudagraph_flashattn,float16,64,32,8,128,16,512,0.836235,8589934592,150994944
cudagraph_flashattn,float16,64,32,8,128,16,256,0.415322,4294967296,83886080
cudagraph_flashattn,float16,64,32,8,128,16,128,0.201444,2147483648,50331648
cudagraph_flashattn,float16,64,32,8,128,1,32768,OOM,0,0
cudagraph_flashattn,float16,64,32,8,128,1,16384,11.453355,17179869184,4296015872
cudagraph_flashattn,float16,64,32,8,128,1,8192,5.733023,8589934592,2148532224
cudagraph_flashattn,float16,64,32,8,128,1,4096,2.873824,4294967296,1074790400
cudagraph_flashattn,float16,64,32,8,128,1,2048,1.443604,2147483648,537919488
cudagraph_flashattn,float16,64,32,8,128,1,1024,0.727490,1073741824,269484032
cudagraph_flashattn,float16,64,32,8,128,1,512,0.370695,536870912,135266304
cudagraph_flashattn,float16,64,32,8,128,1,256,0.191770,268435456,68157440
cudagraph_flashattn,float16,64,32,8,128,1,128,0.100799,134217728,34603008
cudagraph_flashattn,float16,16,32,8,128,8192,32768,1310.760510,70368744177664,4294967296
cudagraph_flashattn,float16,16,32,8,128,8192,16384,557.175189,35184372088832,3221225472
cudagraph_flashattn,float16,16,32,8,128,8192,8192,185.295838,17592186044416,2684354560
cudagraph_flashattn,float16,16,32,8,128,8192,4096,46.789513,8796093022208,2415919104
cudagraph_flashattn,float16,16,32,8,128,8192,2048,12.226467,4398046511104,2281701376
cudagraph_flashattn,float16,16,32,8,128,8192,1024,4.524054,2199023255552,2214592512
cudagraph_flashattn,float16,16,32,8,128,8192,512,2.482194,1099511627776,2181038080
cudagraph_flashattn,float16,16,32,8,128,8192,256,2.014584,549755813888,2164260864
cudagraph_flashattn,float16,16,32,8,128,8192,128,1.864500,274877906944,2155872256
cudagraph_flashattn,float16,16,32,8,128,4096,32768,701.297260,35184372088832,3221225472
cudagraph_flashattn,float16,16,32,8,128,4096,16384,327.020015,17592186044416,2147483648
cudagraph_flashattn,float16,16,32,8,128,4096,8192,139.466117,8796093022208,1610612736
cudagraph_flashattn,float16,16,32,8,128,4096,4096,46.816463,4398046511104,1342177280
cudagraph_flashattn,float16,16,32,8,128,4096,2048,12.143451,2199023255552,1207959552
cudagraph_flashattn,float16,16,32,8,128,4096,1024,3.272671,1099511627776,1140850688
cudagraph_flashattn,float16,16,32,8,128,4096,512,1.648044,549755813888,1107296256
cudagraph_flashattn,float16,16,32,8,128,4096,256,1.116059,274877906944,1090519040
cudagraph_flashattn,float16,16,32,8,128,4096,128,0.976569,137438953472,1082130432
cudagraph_flashattn,float16,16,32,8,128,2048,32768,359.518196,17592186044416,2684354560
cudagraph_flashattn,float16,16,32,8,128,2048,16384,174.133204,8796093022208,1610612736
cudagraph_flashattn,float16,16,32,8,128,2048,8192,81.226637,4398046511104,1073741824
cudagraph_flashattn,float16,16,32,8,128,2048,4096,34.822818,2199023255552,805306368
cudagraph_flashattn,float16,16,32,8,128,2048,2048,12.033501,1099511627776,671088640
cudagraph_flashattn,float16,16,32,8,128,2048,1024,3.187470,549755813888,603979776
cudagraph_flashattn,float16,16,32,8,128,2048,512,1.167799,274877906944,570425344
cudagraph_flashattn,float16,16,32,8,128,2048,256,0.646449,137438953472,553648128
cudagraph_flashattn,float16,16,32,8,128,2048,128,0.521916,68719476736,545259520
cudagraph_flashattn,float16,16,32,8,128,1024,32768,181.876623,8796093022208,2415919104
cudagraph_flashattn,float16,16,32,8,128,1024,16384,89.302423,4398046511104,1342177280
cudagraph_flashattn,float16,16,32,8,128,1024,8192,43.207264,2199023255552,805306368
cudagraph_flashattn,float16,16,32,8,128,1024,4096,20.454504,1099511627776,536870912
cudagraph_flashattn,float16,16,32,8,128,1024,2048,8.800843,549755813888,402653184
cudagraph_flashattn,float16,16,32,8,128,1024,1024,3.122153,274877906944,335544320
cudagraph_flashattn,float16,16,32,8,128,1024,512,0.882671,137438953472,301989888
cudagraph_flashattn,float16,16,32,8,128,1024,256,0.411486,68719476736,285212672
cudagraph_flashattn,float16,16,32,8,128,1024,128,0.289292,34359738368,276824064
cudagraph_flashattn,float16,16,32,8,128,512,32768,91.606500,4398046511104,2281701376
cudagraph_flashattn,float16,16,32,8,128,512,16384,45.319793,2199023255552,1207959552
cudagraph_flashattn,float16,16,32,8,128,512,8192,22.292365,1099511627776,671088640
cudagraph_flashattn,float16,16,32,8,128,512,4096,10.886187,549755813888,402653184
cudagraph_flashattn,float16,16,32,8,128,512,2048,5.142546,274877906944,268435456
cudagraph_flashattn,float16,16,32,8,128,512,1024,2.296233,137438953472,201326592
cudagraph_flashattn,float16,16,32,8,128,512,512,0.863245,68719476736,167772160
cudagraph_flashattn,float16,16,32,8,128,512,256,0.286385,34359738368,150994944
cudagraph_flashattn,float16,16,32,8,128,512,128,0.168668,17179869184,142606336
cudagraph_flashattn,float16,16,32,8,128,256,32768,46.093207,2199023255552,2214592512
cudagraph_flashattn,float16,16,32,8,128,256,16384,23.304883,1099511627776,1140850688
cudagraph_flashattn,float16,16,32,8,128,256,8192,11.522298,549755813888,603979776
cudagraph_flashattn,float16,16,32,8,128,256,4096,5.698318,274877906944,335544320
cudagraph_flashattn,float16,16,32,8,128,256,2048,2.759832,137438953472,201326592
cudagraph_flashattn,float16,16,32,8,128,256,1024,1.339370,68719476736,134217728
cudagraph_flashattn,float16,16,32,8,128,256,512,0.611459,34359738368,100663296
cudagraph_flashattn,float16,16,32,8,128,256,256,0.259270,17179869184,83886080
cudagraph_flashattn,float16,16,32,8,128,256,128,0.113020,8589934592,75497472
cudagraph_flashattn,float16,16,32,8,128,128,32768,23.537345,1099511627776,2181038080
cudagraph_flashattn,float16,16,32,8,128,128,16384,11.954510,549755813888,1107296256
cudagraph_flashattn,float16,16,32,8,128,128,8192,5.901595,274877906944,570425344
cudagraph_flashattn,float16,16,32,8,128,128,4096,2.958888,137438953472,301989888
cudagraph_flashattn,float16,16,32,8,128,128,2048,1.465018,68719476736,167772160
cudagraph_flashattn,float16,16,32,8,128,128,1024,0.725490,34359738368,100663296
cudagraph_flashattn,float16,16,32,8,128,128,512,0.355285,17179869184,67108864
cudagraph_flashattn,float16,16,32,8,128,128,256,0.177131,8589934592,50331648
cudagraph_flashattn,float16,16,32,8,128,128,128,0.089129,4294967296,41943040
cudagraph_flashattn,float16,16,32,8,128,64,32768,11.909202,549755813888,2164260864
cudagraph_flashattn,float16,16,32,8,128,64,16384,5.984366,274877906944,1090519040
cudagraph_flashattn,float16,16,32,8,128,64,8192,2.990530,137438953472,553648128
cudagraph_flashattn,float16,16,32,8,128,64,4096,1.494600,68719476736,285212672
cudagraph_flashattn,float16,16,32,8,128,64,2048,0.761358,34359738368,150994944
cudagraph_flashattn,float16,16,32,8,128,64,1024,0.380389,17179869184,83886080
cudagraph_flashattn,float16,16,32,8,128,64,512,0.198830,8589934592,50331648
cudagraph_flashattn,float16,16,32,8,128,64,256,0.107286,4294967296,33554432
cudagraph_flashattn,float16,16,32,8,128,64,128,0.062519,2147483648,25165824
cudagraph_flashattn,float16,16,32,8,128,32,32768,11.880756,274877906944,2155872256
cudagraph_flashattn,float16,16,32,8,128,32,16384,5.998902,137438953472,1082130432
cudagraph_flashattn,float16,16,32,8,128,32,8192,2.996613,68719476736,545259520
cudagraph_flashattn,float16,16,32,8,128,32,4096,1.493329,34359738368,276824064
cudagraph_flashattn,float16,16,32,8,128,32,2048,0.748925,17179869184,142606336
cudagraph_flashattn,float16,16,32,8,128,32,1024,0.381106,8589934592,75497472
cudagraph_flashattn,float16,16,32,8,128,32,512,0.196056,4294967296,41943040
cudagraph_flashattn,float16,16,32,8,128,32,256,0.104110,2147483648,25165824
cudagraph_flashattn,float16,16,32,8,128,32,128,0.059144,1073741824,16777216
cudagraph_flashattn,float16,16,32,8,128,16,32768,11.813710,137438953472,2151677952
cudagraph_flashattn,float16,16,32,8,128,16,16384,5.928837,68719476736,1077936128
cudagraph_flashattn,float16,16,32,8,128,16,8192,3.002955,34359738368,541065216
cudagraph_flashattn,float16,16,32,8,128,16,4096,1.496661,17179869184,272629760
cudagraph_flashattn,float16,16,32,8,128,16,2048,0.756213,8589934592,138412032
cudagraph_flashattn,float16,16,32,8,128,16,1024,0.375690,4294967296,71303168
cudagraph_flashattn,float16,16,32,8,128,16,512,0.194514,2147483648,37748736
cudagraph_flashattn,float16,16,32,8,128,16,256,0.103899,1073741824,20971520
cudagraph_flashattn,float16,16,32,8,128,16,128,0.059184,536870912,12582912
cudagraph_flashattn,float16,16,32,8,128,1,32768,5.850268,8589934592,2147745792
cudagraph_flashattn,float16,16,32,8,128,1,16384,2.967667,4294967296,1074003968
cudagraph_flashattn,float16,16,32,8,128,1,8192,1.486386,2147483648,537133056
cudagraph_flashattn,float16,16,32,8,128,1,4096,0.750005,1073741824,268697600
cudagraph_flashattn,float16,16,32,8,128,1,2048,0.377319,536870912,134479872
cudagraph_flashattn,float16,16,32,8,128,1,1024,0.190487,268435456,67371008
cudagraph_flashattn,float16,16,32,8,128,1,512,0.100580,134217728,33816576
cudagraph_flashattn,float16,16,32,8,128,1,256,0.054176,67108864,17039360
cudagraph_flashattn,float16,16,32,8,128,1,128,0.031532,33554432,8650752
cudagraph_flashattn,float16,4,32,8,128,8192,32768,323.933450,17592186044416,1073741824
cudagraph_flashattn,float16,4,32,8,128,8192,16384,138.203095,8796093022208,805306368
cudagraph_flashattn,float16,4,32,8,128,8192,8192,46.437945,4398046511104,671088640
cudagraph_flashattn,float16,4,32,8,128,8192,4096,11.800521,2199023255552,603979776
cudagraph_flashattn,float16,4,32,8,128,8192,2048,3.086514,1099511627776,570425344
cudagraph_flashattn,float16,4,32,8,128,8192,1024,0.885848,549755813888,553648128
cudagraph_flashattn,float16,4,32,8,128,8192,512,0.555041,274877906944,545259520
cudagraph_flashattn,float16,4,32,8,128,8192,256,0.495636,137438953472,541065216
cudagraph_flashattn,float16,4,32,8,128,8192,128,0.467398,68719476736,538968064
cudagraph_flashattn,float16,4,32,8,128,4096,32768,174.455099,8796093022208,805306368
cudagraph_flashattn,float16,4,32,8,128,4096,16384,81.431577,4398046511104,536870912
cudagraph_flashattn,float16,4,32,8,128,4096,8192,35.141671,2199023255552,402653184
cudagraph_flashattn,float16,4,32,8,128,4096,4096,11.833319,1099511627776,335544320
cudagraph_flashattn,float16,4,32,8,128,4096,2048,3.069965,549755813888,301989888
cudagraph_flashattn,float16,4,32,8,128,4096,1024,0.829107,274877906944,285212672
cudagraph_flashattn,float16,4,32,8,128,4096,512,0.325291,137438953472,276824064
cudagraph_flashattn,float16,4,32,8,128,4096,256,0.264242,68719476736,272629760
cudagraph_flashattn,float16,4,32,8,128,4096,128,0.240250,34359738368,270532608
cudagraph_flashattn,float16,4,32,8,128,2048,32768,89.513290,4398046511104,671088640
cudagraph_flashattn,float16,4,32,8,128,2048,16384,43.496116,2199023255552,402653184
cudagraph_flashattn,float16,4,32,8,128,2048,8192,20.207349,1099511627776,268435456
cudagraph_flashattn,float16,4,32,8,128,2048,4096,8.789230,549755813888,201326592
cudagraph_flashattn,float16,4,32,8,128,2048,2048,3.015140,274877906944,167772160
cudagraph_flashattn,float16,4,32,8,128,2048,1024,0.817924,137438953472,150994944
cudagraph_flashattn,float16,4,32,8,128,2048,512,0.248032,68719476736,142606336
cudagraph_flashattn,float16,4,32,8,128,2048,256,0.150654,34359738368,138412032
cudagraph_flashattn,float16,4,32,8,128,2048,128,0.130722,17179869184,136314880
cudagraph_flashattn,float16,4,32,8,128,1024,32768,45.625036,2199023255552,603979776
cudagraph_flashattn,float16,4,32,8,128,1024,16384,22.341162,1099511627776,335544320
cudagraph_flashattn,float16,4,32,8,128,1024,8192,10.819599,549755813888,201326592
cudagraph_flashattn,float16,4,32,8,128,1024,4096,5.119035,274877906944,134217728
cudagraph_flashattn,float16,4,32,8,128,1024,2048,2.244229,137438953472,100663296
cudagraph_flashattn,float16,4,32,8,128,1024,1024,0.795141,68719476736,83886080
cudagraph_flashattn,float16,4,32,8,128,1024,512,0.234915,34359738368,75497472
cudagraph_flashattn,float16,4,32,8,128,1024,256,0.096527,17179869184,71303168
cudagraph_flashattn,float16,4,32,8,128,1024,128,0.075259,8589934592,69206016
cudagraph_flashattn,float16,4,32,8,128,512,32768,23.013197,1099511627776,570425344
cudagraph_flashattn,float16,4,32,8,128,512,16384,11.528645,549755813888,301989888
cudagraph_flashattn,float16,4,32,8,128,512,8192,5.679616,274877906944,167772160
cudagraph_flashattn,float16,4,32,8,128,512,4096,2.748671,137438953472,100663296
cudagraph_flashattn,float16,4,32,8,128,512,2048,1.297992,68719476736,67108864
cudagraph_flashattn,float16,4,32,8,128,512,1024,0.582689,34359738368,50331648
cudagraph_flashattn,float16,4,32,8,128,512,512,0.229582,17179869184,41943040
cudagraph_flashattn,float16,4,32,8,128,512,256,0.080639,8589934592,37748736
cudagraph_flashattn,float16,4,32,8,128,512,128,0.049157,4294967296,35651584
cudagraph_flashattn,float16,4,32,8,128,256,32768,11.611527,549755813888,553648128
cudagraph_flashattn,float16,4,32,8,128,256,16384,5.783649,274877906944,285212672
cudagraph_flashattn,float16,4,32,8,128,256,8192,2.905160,137438953472,150994944
cudagraph_flashattn,float16,4,32,8,128,256,4096,1.445270,68719476736,83886080
cudagraph_flashattn,float16,4,32,8,128,256,2048,0.707841,34359738368,50331648
cudagraph_flashattn,float16,4,32,8,128,256,1024,0.347428,17179869184,33554432
cudagraph_flashattn,float16,4,32,8,128,256,512,0.167016,8589934592,25165824
cudagraph_flashattn,float16,4,32,8,128,256,256,0.078147,4294967296,20971520
cudagraph_flashattn,float16,4,32,8,128,256,128,0.037324,2147483648,18874368
cudagraph_flashattn,float16,4,32,8,128,128,32768,5.957366,274877906944,545259520
cudagraph_flashattn,float16,4,32,8,128,128,16384,2.937072,137438953472,276824064
cudagraph_flashattn,float16,4,32,8,128,128,8192,1.474576,68719476736,142606336
cudagraph_flashattn,float16,4,32,8,128,128,4096,0.737638,34359738368,75497472
cudagraph_flashattn,float16,4,32,8,128,128,2048,0.374686,17179869184,41943040
cudagraph_flashattn,float16,4,32,8,128,128,1024,0.191516,8589934592,25165824
cudagraph_flashattn,float16,4,32,8,128,128,512,0.100807,4294967296,16777216
cudagraph_flashattn,float16,4,32,8,128,128,256,0.055443,2147483648,12582912
cudagraph_flashattn,float16,4,32,8,128,128,128,0.033563,1073741824,10485760
cudagraph_flashattn,float16,4,32,8,128,64,32768,2.926207,137438953472,541065216
cudagraph_flashattn,float16,4,32,8,128,64,16384,1.502849,68719476736,272629760
cudagraph_flashattn,float16,4,32,8,128,64,8192,0.760877,34359738368,138412032
cudagraph_flashattn,float16,4,32,8,128,64,4096,0.388890,17179869184,71303168
cudagraph_flashattn,float16,4,32,8,128,64,2048,0.198288,8589934592,37748736
cudagraph_flashattn,float16,4,32,8,128,64,1024,0.104459,4294967296,20971520
cudagraph_flashattn,float16,4,32,8,128,64,512,0.057471,2147483648,12582912
cudagraph_flashattn,float16,4,32,8,128,64,256,0.034889,1073741824,8388608
cudagraph_flashattn,float16,4,32,8,128,64,128,0.023197,536870912,6291456
cudagraph_flashattn,float16,4,32,8,128,32,32768,2.850002,68719476736,538968064
cudagraph_flashattn,float16,4,32,8,128,32,16384,1.484823,34359738368,270532608
cudagraph_flashattn,float16,4,32,8,128,32,8192,0.751012,17179869184,136314880
cudagraph_flashattn,float16,4,32,8,128,32,4096,0.382557,8589934592,69206016
cudagraph_flashattn,float16,4,32,8,128,32,2048,0.195601,4294967296,35651584
cudagraph_flashattn,float16,4,32,8,128,32,1024,0.102633,2147483648,18874368
cudagraph_flashattn,float16,4,32,8,128,32,512,0.054683,1073741824,10485760
cudagraph_flashattn,float16,4,32,8,128,32,256,0.032941,536870912,6291456
cudagraph_flashattn,float16,4,32,8,128,32,128,0.021200,268435456,4194304
cudagraph_flashattn,float16,4,32,8,128,16,32768,2.841714,34359738368,537919488
cudagraph_flashattn,float16,4,32,8,128,16,16384,1.489585,17179869184,269484032
cudagraph_flashattn,float16,4,32,8,128,16,8192,0.751026,8589934592,135266304
cudagraph_flashattn,float16,4,32,8,128,16,4096,0.381255,4294967296,68157440
cudagraph_flashattn,float16,4,32,8,128,16,2048,0.194759,2147483648,34603008
cudagraph_flashattn,float16,4,32,8,128,16,1024,0.101656,1073741824,17825792
cudagraph_flashattn,float16,4,32,8,128,16,512,0.054171,536870912,9437184
cudagraph_flashattn,float16,4,32,8,128,16,256,0.031460,268435456,5242880
cudagraph_flashattn,float16,4,32,8,128,16,128,0.020109,134217728,3145728
cudagraph_flashattn,float16,4,32,8,128,1,32768,0.767055,2147483648,536936448
cudagraph_flashattn,float16,4,32,8,128,1,16384,0.397181,1073741824,268500992
cudagraph_flashattn,float16,4,32,8,128,1,8192,0.207966,536870912,134283264
cudagraph_flashattn,float16,4,32,8,128,1,4096,0.114263,268435456,67174400
cudagraph_flashattn,float16,4,32,8,128,1,2048,0.068158,134217728,33619968
cudagraph_flashattn,float16,4,32,8,128,1,1024,0.043960,67108864,16842752
cudagraph_flashattn,float16,4,32,8,128,1,512,0.030091,33554432,8454144
cudagraph_flashattn,float16,4,32,8,128,1,256,0.017646,16777216,4259840
cudagraph_flashattn,float16,4,32,8,128,1,128,0.018496,8388608,2162688
cudagraph_flashattn,float16,1,32,8,128,8192,32768,76.713451,4398046511104,268435456
cudagraph_flashattn,float16,1,32,8,128,8192,16384,33.655598,2199023255552,201326592
cudagraph_flashattn,float16,1,32,8,128,8192,8192,11.319564,1099511627776,167772160
cudagraph_flashattn,float16,1,32,8,128,8192,4096,2.966516,549755813888,150994944
cudagraph_flashattn,float16,1,32,8,128,8192,2048,0.804458,274877906944,142606336
cudagraph_flashattn,float16,1,32,8,128,8192,1024,0.255706,137438953472,138412032
cudagraph_flashattn,float16,1,32,8,128,8192,512,0.153531,68719476736,136314880
cudagraph_flashattn,float16,1,32,8,128,8192,256,0.131100,34359738368,135266304
cudagraph_flashattn,float16,1,32,8,128,8192,128,0.121589,17179869184,134742016
cudagraph_flashattn,float16,1,32,8,128,4096,32768,42.364907,2199023255552,201326592
cudagraph_flashattn,float16,1,32,8,128,4096,16384,19.802883,1099511627776,134217728
cudagraph_flashattn,float16,1,32,8,128,4096,8192,8.574008,549755813888,100663296
cudagraph_flashattn,float16,1,32,8,128,4096,4096,2.981957,274877906944,83886080
cudagraph_flashattn,float16,1,32,8,128,4096,2048,0.794963,137438953472,75497472
cudagraph_flashattn,float16,1,32,8,128,4096,1024,0.240196,68719476736,71303168
cudagraph_flashattn,float16,1,32,8,128,4096,512,0.101712,34359738368,69206016
cudagraph_flashattn,float16,1,32,8,128,4096,256,0.077409,17179869184,68157440
cudagraph_flashattn,float16,1,32,8,128,4096,128,0.067931,8589934592,67633152
cudagraph_flashattn,float16,1,32,8,128,2048,32768,22.288537,1099511627776,167772160
cudagraph_flashattn,float16,1,32,8,128,2048,16384,10.746604,549755813888,100663296
cudagraph_flashattn,float16,1,32,8,128,2048,8192,4.991013,274877906944,67108864
cudagraph_flashattn,float16,1,32,8,128,2048,4096,2.196239,137438953472,50331648
cudagraph_flashattn,float16,1,32,8,128,2048,2048,0.785551,68719476736,41943040
cudagraph_flashattn,float16,1,32,8,128,2048,1024,0.233158,34359738368,37748736
cudagraph_flashattn,float16,1,32,8,128,2048,512,0.084859,17179869184,35651584
cudagraph_flashattn,float16,1,32,8,128,2048,256,0.051777,8589934592,34603008
cudagraph_flashattn,float16,1,32,8,128,2048,128,0.041809,4294967296,34078720
cudagraph_flashattn,float16,1,32,8,128,1024,32768,11.700102,549755813888,150994944
cudagraph_flashattn,float16,1,32,8,128,1024,16384,5.560361,274877906944,83886080
cudagraph_flashattn,float16,1,32,8,128,1024,8192,2.735091,137438953472,50331648
cudagraph_flashattn,float16,1,32,8,128,1024,4096,1.308301,68719476736,33554432
cudagraph_flashattn,float16,1,32,8,128,1024,2048,0.586816,34359738368,25165824
cudagraph_flashattn,float16,1,32,8,128,1024,1024,0.229190,17179869184,20971520
cudagraph_flashattn,float16,1,32,8,128,1024,512,0.078585,8589934592,18874368
cudagraph_flashattn,float16,1,32,8,128,1024,256,0.040176,4294967296,17825792
cudagraph_flashattn,float16,1,32,8,128,1024,128,0.029278,2147483648,17301504
cudagraph_flashattn,float16,1,32,8,128,512,32768,5.755115,274877906944,142606336
cudagraph_flashattn,float16,1,32,8,128,512,16384,2.847330,137438953472,75497472
cudagraph_flashattn,float16,1,32,8,128,512,8192,1.431774,68719476736,41943040
cudagraph_flashattn,float16,1,32,8,128,512,4096,0.714026,34359738368,25165824
cudagraph_flashattn,float16,1,32,8,128,512,2048,0.354609,17179869184,16777216
cudagraph_flashattn,float16,1,32,8,128,512,1024,0.173234,8589934592,12582912
cudagraph_flashattn,float16,1,32,8,128,512,512,0.075433,4294967296,10485760
cudagraph_flashattn,float16,1,32,8,128,512,256,0.034986,2147483648,9437184
cudagraph_flashattn,float16,1,32,8,128,512,128,0.022519,1073741824,8912896
cudagraph_flashattn,float16,1,32,8,128,256,32768,2.943934,137438953472,138412032
cudagraph_flashattn,float16,1,32,8,128,256,16384,1.469010,68719476736,71303168
cudagraph_flashattn,float16,1,32,8,128,256,8192,0.742196,34359738368,37748736
cudagraph_flashattn,float16,1,32,8,128,256,4096,0.376351,17179869184,20971520
cudagraph_flashattn,float16,1,32,8,128,256,2048,0.193660,8589934592,12582912
cudagraph_flashattn,float16,1,32,8,128,256,1024,0.101507,4294967296,8388608
cudagraph_flashattn,float16,1,32,8,128,256,512,0.055219,2147483648,6291456
cudagraph_flashattn,float16,1,32,8,128,256,256,0.030459,1073741824,5242880
cudagraph_flashattn,float16,1,32,8,128,256,128,0.019471,536870912,4718592
cudagraph_flashattn,float16,1,32,8,128,128,32768,1.445234,68719476736,136314880
cudagraph_flashattn,float16,1,32,8,128,128,16384,0.759641,34359738368,69206016
cudagraph_flashattn,float16,1,32,8,128,128,8192,0.396282,17179869184,35651584
cudagraph_flashattn,float16,1,32,8,128,128,4096,0.210419,8589934592,18874368
cudagraph_flashattn,float16,1,32,8,128,128,2048,0.117758,4294967296,10485760
cudagraph_flashattn,float16,1,32,8,128,128,1024,0.070756,2147483648,6291456
cudagraph_flashattn,float16,1,32,8,128,128,512,0.047475,1073741824,4194304
cudagraph_flashattn,float16,1,32,8,128,128,256,0.036401,536870912,3145728
cudagraph_flashattn,float16,1,32,8,128,128,128,0.016378,268435456,2621440
cudagraph_flashattn,float16,1,32,8,128,64,32768,0.707508,34359738368,135266304
cudagraph_flashattn,float16,1,32,8,128,64,16384,0.386187,17179869184,68157440
cudagraph_flashattn,float16,1,32,8,128,64,8192,0.206751,8589934592,34603008
cudagraph_flashattn,float16,1,32,8,128,64,4096,0.114425,4294967296,17825792
cudagraph_flashattn,float16,1,32,8,128,64,2048,0.067680,2147483648,9437184
cudagraph_flashattn,float16,1,32,8,128,64,1024,0.044389,1073741824,5242880
cudagraph_flashattn,float16,1,32,8,128,64,512,0.032873,536870912,3145728
cudagraph_flashattn,float16,1,32,8,128,64,256,0.021187,268435456,2097152
cudagraph_flashattn,float16,1,32,8,128,64,128,0.016236,134217728,1572864
cudagraph_flashattn,float16,1,32,8,128,32,32768,0.684040,17179869184,134742016
cudagraph_flashattn,float16,1,32,8,128,32,16384,0.376254,8589934592,67633152
cudagraph_flashattn,float16,1,32,8,128,32,8192,0.199499,4294967296,34078720
cudagraph_flashattn,float16,1,32,8,128,32,4096,0.108420,2147483648,17301504
cudagraph_flashattn,float16,1,32,8,128,32,2048,0.064128,1073741824,8912896
cudagraph_flashattn,float16,1,32,8,128,32,1024,0.040512,536870912,4718592
cudagraph_flashattn,float16,1,32,8,128,32,512,0.027827,268435456,2621440
cudagraph_flashattn,float16,1,32,8,128,32,256,0.018850,134217728,1572864
cudagraph_flashattn,float16,1,32,8,128,32,128,0.016389,67108864,1048576
cudagraph_flashattn,float16,1,32,8,128,16,32768,0.667599,8589934592,134479872
cudagraph_flashattn,float16,1,32,8,128,16,16384,0.363676,4294967296,67371008
cudagraph_flashattn,float16,1,32,8,128,16,8192,0.192973,2147483648,33816576
cudagraph_flashattn,float16,1,32,8,128,16,4096,0.105579,1073741824,17039360
cudagraph_flashattn,float16,1,32,8,128,16,2048,0.062317,536870912,8650752
cudagraph_flashattn,float16,1,32,8,128,16,1024,0.037639,268435456,4456448
cudagraph_flashattn,float16,1,32,8,128,16,512,0.026223,134217728,2359296
cudagraph_flashattn,float16,1,32,8,128,16,256,0.018191,67108864,1310720
cudagraph_flashattn,float16,1,32,8,128,16,128,0.016463,33554432,786432
cudagraph_flashattn,float16,1,32,8,128,1,32768,0.232668,536870912,134234112
cudagraph_flashattn,float16,1,32,8,128,1,16384,0.125199,268435456,67125248
cudagraph_flashattn,float16,1,32,8,128,1,8192,0.073205,134217728,33570816
cudagraph_flashattn,float16,1,32,8,128,1,4096,0.047925,67108864,16793600
cudagraph_flashattn,float16,1,32,8,128,1,2048,0.032184,33554432,8404992
cudagraph_flashattn,float16,1,32,8,128,1,1024,0.019430,16777216,4210688
cudagraph_flashattn,float16,1,32,8,128,1,512,0.017377,8388608,2113536
cudagraph_flashattn,float16,1,32,8,128,1,256,0.016996,4194304,1064960
cudagraph_flashattn,float16,1,32,8,128,1,128,0.018350,2097152,540672
cudagraph_flashattn,bfloat16,64,32,8,128,8192,32768,OOM,0,0
cudagraph_flashattn,bfloat16,64,32,8,128,8192,16384,OOM,0,0
cudagraph_flashattn,bfloat16,64,32,8,128,8192,8192,OOM,0,0
cudagraph_flashattn,bfloat16,64,32,8,128,8192,4096,173.213729,35184372088832,9663676416
cudagraph_flashattn,bfloat16,64,32,8,128,8192,2048,OOM,0,0
cudagraph_flashattn,bfloat16,64,32,8,128,8192,1024,OOM,0,0
cudagraph_flashattn,bfloat16,64,32,8,128,8192,512,OOM,0,0
cudagraph_flashattn,bfloat16,64,32,8,128,8192,256,OOM,0,0
cudagraph_flashattn,bfloat16,64,32,8,128,8192,128,OOM,0,0
cudagraph_flashattn,bfloat16,64,32,8,128,4096,32768,OOM,0,0
cudagraph_flashattn,bfloat16,64,32,8,128,4096,16384,OOM,0,0
cudagraph_flashattn,bfloat16,64,32,8,128,4096,8192,OOM,0,0
cudagraph_flashattn,bfloat16,64,32,8,128,4096,4096,OOM,0,0
cudagraph_flashattn,bfloat16,64,32,8,128,4096,2048,OOM,0,0
cudagraph_flashattn,bfloat16,64,32,8,128,4096,1024,OOM,0,0
cudagraph_flashattn,bfloat16,64,32,8,128,4096,512,OOM,0,0
cudagraph_flashattn,bfloat16,64,32,8,128,4096,256,OOM,0,0
cudagraph_flashattn,bfloat16,64,32,8,128,4096,128,OOM,0,0
cudagraph_flashattn,bfloat16,64,32,8,128,2048,32768,OOM,0,0
cudagraph_flashattn,bfloat16,64,32,8,128,2048,16384,OOM,0,0
cudagraph_flashattn,bfloat16,64,32,8,128,2048,8192,OOM,0,0
cudagraph_flashattn,bfloat16,64,32,8,128,2048,4096,OOM,0,0
cudagraph_flashattn,bfloat16,64,32,8,128,2048,2048,OOM,0,0
cudagraph_flashattn,bfloat16,64,32,8,128,2048,1024,OOM,0,0
cudagraph_flashattn,bfloat16,64,32,8,128,2048,512,OOM,0,0
cudagraph_flashattn,bfloat16,64,32,8,128,2048,256,OOM,0,0
cudagraph_flashattn,bfloat16,64,32,8,128,2048,128,OOM,0,0
cudagraph_flashattn,bfloat16,64,32,8,128,1024,32768,OOM,0,0
cudagraph_flashattn,bfloat16,64,32,8,128,1024,16384,OOM,0,0
cudagraph_flashattn,bfloat16,64,32,8,128,1024,8192,OOM,0,0
cudagraph_flashattn,bfloat16,64,32,8,128,1024,4096,OOM,0,0
cudagraph_flashattn,bfloat16,64,32,8,128,1024,2048,OOM,0,0
cudagraph_flashattn,bfloat16,64,32,8,128,1024,1024,OOM,0,0
cudagraph_flashattn,bfloat16,64,32,8,128,1024,512,OOM,0,0
cudagraph_flashattn,bfloat16,64,32,8,128,1024,256,OOM,0,0
cudagraph_flashattn,bfloat16,64,32,8,128,1024,128,OOM,0,0
cudagraph_flashattn,bfloat16,64,32,8,128,512,32768,OOM,0,0
cudagraph_flashattn,bfloat16,64,32,8,128,512,16384,OOM,0,0
cudagraph_flashattn,bfloat16,64,32,8,128,512,8192,OOM,0,0
cudagraph_flashattn,bfloat16,64,32,8,128,512,4096,OOM,0,0
cudagraph_flashattn,bfloat16,64,32,8,128,512,2048,OOM,0,0
cudagraph_flashattn,bfloat16,64,32,8,128,512,1024,OOM,0,0
cudagraph_flashattn,bfloat16,64,32,8,128,512,512,OOM,0,0
cudagraph_flashattn,bfloat16,64,32,8,128,512,256,OOM,0,0
cudagraph_flashattn,bfloat16,64,32,8,128,512,128,OOM,0,0
cudagraph_flashattn,bfloat16,64,32,8,128,256,32768,OOM,0,0
cudagraph_flashattn,bfloat16,64,32,8,128,256,16384,OOM,0,0
cudagraph_flashattn,bfloat16,64,32,8,128,256,8192,OOM,0,0
cudagraph_flashattn,bfloat16,64,32,8,128,256,4096,OOM,0,0
cudagraph_flashattn,bfloat16,64,32,8,128,256,2048,OOM,0,0
cudagraph_flashattn,bfloat16,64,32,8,128,256,1024,OOM,0,0
cudagraph_flashattn,bfloat16,64,32,8,128,256,512,OOM,0,0
cudagraph_flashattn,bfloat16,64,32,8,128,256,256,OOM,0,0
cudagraph_flashattn,bfloat16,64,32,8,128,256,128,OOM,0,0
cudagraph_flashattn,bfloat16,64,32,8,128,128,32768,OOM,0,0
cudagraph_flashattn,bfloat16,64,32,8,128,128,16384,OOM,0,0
cudagraph_flashattn,bfloat16,64,32,8,128,128,8192,OOM,0,0
cudagraph_flashattn,bfloat16,64,32,8,128,128,4096,OOM,0,0
cudagraph_flashattn,bfloat16,64,32,8,128,128,2048,OOM,0,0
cudagraph_flashattn,bfloat16,64,32,8,128,128,1024,OOM,0,0
cudagraph_flashattn,bfloat16,64,32,8,128,128,512,OOM,0,0
cudagraph_flashattn,bfloat16,64,32,8,128,128,256,0.777481,34359738368,201326592
cudagraph_flashattn,bfloat16,64,32,8,128,128,128,0.445280,17179869184,167772160
cudagraph_flashattn,bfloat16,64,32,8,128,64,32768,47.938932,2199023255552,8657043456
cudagraph_flashattn,bfloat16,64,32,8,128,64,16384,OOM,0,0
cudagraph_flashattn,bfloat16,64,32,8,128,64,8192,OOM,0,0
cudagraph_flashattn,bfloat16,64,32,8,128,64,4096,OOM,0,0
cudagraph_flashattn,bfloat16,64,32,8,128,64,2048,3.155048,137438953472,603979776
cudagraph_flashattn,bfloat16,64,32,8,128,64,1024,1.671665,68719476736,335544320
cudagraph_flashattn,bfloat16,64,32,8,128,64,512,0.882164,34359738368,201326592
cudagraph_flashattn,bfloat16,64,32,8,128,64,256,0.501661,17179869184,134217728
cudagraph_flashattn,bfloat16,64,32,8,128,64,128,0.275534,8589934592,100663296
cudagraph_flashattn,bfloat16,64,32,8,128,32,32768,47.923557,1099511627776,8623489024
cudagraph_flashattn,bfloat16,64,32,8,128,32,16384,OOM,0,0
cudagraph_flashattn,bfloat16,64,32,8,128,32,8192,OOM,0,0
cudagraph_flashattn,bfloat16,64,32,8,128,32,4096,OOM,0,0
cudagraph_flashattn,bfloat16,64,32,8,128,32,2048,3.093010,68719476736,570425344
cudagraph_flashattn,bfloat16,64,32,8,128,32,1024,1.612391,34359738368,301989888
cudagraph_flashattn,bfloat16,64,32,8,128,32,512,0.843074,17179869184,167772160
cudagraph_flashattn,bfloat16,64,32,8,128,32,256,0.455173,8589934592,100663296
cudagraph_flashattn,bfloat16,64,32,8,128,32,128,0.209031,4294967296,67108864
cudagraph_flashattn,bfloat16,64,32,8,128,16,32768,47.868372,549755813888,8606711808
cudagraph_flashattn,bfloat16,64,32,8,128,16,16384,OOM,0,0
cudagraph_flashattn,bfloat16,64,32,8,128,16,8192,OOM,0,0
cudagraph_flashattn,bfloat16,64,32,8,128,16,4096,6.150877,68719476736,1090519040
cudagraph_flashattn,bfloat16,64,32,8,128,16,2048,3.067918,34359738368,553648128
cudagraph_flashattn,bfloat16,64,32,8,128,16,1024,1.570869,17179869184,285212672
cudagraph_flashattn,bfloat16,64,32,8,128,16,512,0.835574,8589934592,150994944
cudagraph_flashattn,bfloat16,64,32,8,128,16,256,0.414460,4294967296,83886080
cudagraph_flashattn,bfloat16,64,32,8,128,16,128,0.200712,2147483648,50331648
cudagraph_flashattn,bfloat16,64,32,8,128,1,32768,OOM,0,0
cudagraph_flashattn,bfloat16,64,32,8,128,1,16384,11.429123,17179869184,4296015872
cudagraph_flashattn,bfloat16,64,32,8,128,1,8192,5.753510,8589934592,2148532224
cudagraph_flashattn,bfloat16,64,32,8,128,1,4096,2.885939,4294967296,1074790400
cudagraph_flashattn,bfloat16,64,32,8,128,1,2048,1.438821,2147483648,537919488
cudagraph_flashattn,bfloat16,64,32,8,128,1,1024,0.728533,1073741824,269484032
cudagraph_flashattn,bfloat16,64,32,8,128,1,512,0.371666,536870912,135266304
cudagraph_flashattn,bfloat16,64,32,8,128,1,256,0.190522,268435456,68157440
cudagraph_flashattn,bfloat16,64,32,8,128,1,128,0.100254,134217728,34603008
cudagraph_flashattn,bfloat16,16,32,8,128,8192,32768,1278.628497,70368744177664,4294967296
cudagraph_flashattn,bfloat16,16,32,8,128,8192,16384,543.937537,35184372088832,3221225472
cudagraph_flashattn,bfloat16,16,32,8,128,8192,8192,180.801340,17592186044416,2684354560
cudagraph_flashattn,bfloat16,16,32,8,128,8192,4096,45.722875,8796093022208,2415919104
cudagraph_flashattn,bfloat16,16,32,8,128,8192,2048,11.904885,4398046511104,2281701376
cudagraph_flashattn,bfloat16,16,32,8,128,8192,1024,4.523502,2199023255552,2214592512
cudagraph_flashattn,bfloat16,16,32,8,128,8192,512,2.482210,1099511627776,2181038080
cudagraph_flashattn,bfloat16,16,32,8,128,8192,256,2.009644,549755813888,2164260864
cudagraph_flashattn,bfloat16,16,32,8,128,8192,128,1.864936,274877906944,2155872256
cudagraph_flashattn,bfloat16,16,32,8,128,4096,32768,684.581354,35184372088832,3221225472
cudagraph_flashattn,bfloat16,16,32,8,128,4096,16384,318.883505,17592186044416,2147483648
cudagraph_flashattn,bfloat16,16,32,8,128,4096,8192,136.622826,8796093022208,1610612736
cudagraph_flashattn,bfloat16,16,32,8,128,4096,4096,45.771712,4398046511104,1342177280
cudagraph_flashattn,bfloat16,16,32,8,128,4096,2048,11.823487,2199023255552,1207959552
cudagraph_flashattn,bfloat16,16,32,8,128,4096,1024,3.173054,1099511627776,1140850688
cudagraph_flashattn,bfloat16,16,32,8,128,4096,512,1.637815,549755813888,1107296256
cudagraph_flashattn,bfloat16,16,32,8,128,4096,256,1.107388,274877906944,1090519040
cudagraph_flashattn,bfloat16,16,32,8,128,4096,128,0.976772,137438953472,1082130432
cudagraph_flashattn,bfloat16,16,32,8,128,2048,32768,351.565222,17592186044416,2684354560
cudagraph_flashattn,bfloat16,16,32,8,128,2048,16384,170.183694,8796093022208,1610612736
cudagraph_flashattn,bfloat16,16,32,8,128,2048,8192,79.357438,4398046511104,1073741824
cudagraph_flashattn,bfloat16,16,32,8,128,2048,4096,34.514001,2199023255552,805306368
cudagraph_flashattn,bfloat16,16,32,8,128,2048,2048,11.717947,1099511627776,671088640
cudagraph_flashattn,bfloat16,16,32,8,128,2048,1024,3.079907,549755813888,603979776
cudagraph_flashattn,bfloat16,16,32,8,128,2048,512,1.161929,274877906944,570425344
cudagraph_flashattn,bfloat16,16,32,8,128,2048,256,0.646128,137438953472,553648128
cudagraph_flashattn,bfloat16,16,32,8,128,2048,128,0.519339,68719476736,545259520
cudagraph_flashattn,bfloat16,16,32,8,128,1024,32768,176.896100,8796093022208,2415919104
cudagraph_flashattn,bfloat16,16,32,8,128,1024,16384,87.743507,4398046511104,1342177280
cudagraph_flashattn,bfloat16,16,32,8,128,1024,8192,42.443188,2199023255552,805306368
cudagraph_flashattn,bfloat16,16,32,8,128,1024,4096,20.090185,1099511627776,536870912
cudagraph_flashattn,bfloat16,16,32,8,128,1024,2048,8.623867,549755813888,402653184
cudagraph_flashattn,bfloat16,16,32,8,128,1024,1024,3.090881,274877906944,335544320
cudagraph_flashattn,bfloat16,16,32,8,128,1024,512,0.855018,137438953472,301989888
cudagraph_flashattn,bfloat16,16,32,8,128,1024,256,0.411437,68719476736,285212672
cudagraph_flashattn,bfloat16,16,32,8,128,1024,128,0.288918,34359738368,276824064
cudagraph_flashattn,bfloat16,16,32,8,128,512,32768,89.832519,4398046511104,2281701376
cudagraph_flashattn,bfloat16,16,32,8,128,512,16384,44.660537,2199023255552,1207959552
cudagraph_flashattn,bfloat16,16,32,8,128,512,8192,21.818824,1099511627776,671088640
cudagraph_flashattn,bfloat16,16,32,8,128,512,4096,10.698163,549755813888,402653184
cudagraph_flashattn,bfloat16,16,32,8,128,512,2048,5.076695,274877906944,268435456
cudagraph_flashattn,bfloat16,16,32,8,128,512,1024,2.236489,137438953472,201326592
cudagraph_flashattn,bfloat16,16,32,8,128,512,512,0.838897,68719476736,167772160
cudagraph_flashattn,bfloat16,16,32,8,128,512,256,0.285310,34359738368,150994944
cudagraph_flashattn,bfloat16,16,32,8,128,512,128,0.169323,17179869184,142606336
cudagraph_flashattn,bfloat16,16,32,8,128,256,32768,45.321903,2199023255552,2214592512
cudagraph_flashattn,bfloat16,16,32,8,128,256,16384,22.979702,1099511627776,1140850688
cudagraph_flashattn,bfloat16,16,32,8,128,256,8192,11.293615,549755813888,603979776
cudagraph_flashattn,bfloat16,16,32,8,128,256,4096,5.584937,274877906944,335544320
cudagraph_flashattn,bfloat16,16,32,8,128,256,2048,2.718977,137438953472,201326592
cudagraph_flashattn,bfloat16,16,32,8,128,256,1024,1.297758,68719476736,134217728
cudagraph_flashattn,bfloat16,16,32,8,128,256,512,0.600812,34359738368,100663296
cudagraph_flashattn,bfloat16,16,32,8,128,256,256,0.253741,17179869184,83886080
cudagraph_flashattn,bfloat16,16,32,8,128,256,128,0.113388,8589934592,75497472
cudagraph_flashattn,bfloat16,16,32,8,128,128,32768,23.283084,1099511627776,2181038080
cudagraph_flashattn,bfloat16,16,32,8,128,128,16384,11.650041,549755813888,1107296256
cudagraph_flashattn,bfloat16,16,32,8,128,128,8192,5.820745,274877906944,570425344
cudagraph_flashattn,bfloat16,16,32,8,128,128,4096,2.901814,137438953472,301989888
cudagraph_flashattn,bfloat16,16,32,8,128,128,2048,1.441937,68719476736,167772160
cudagraph_flashattn,bfloat16,16,32,8,128,128,1024,0.715200,34359738368,100663296
cudagraph_flashattn,bfloat16,16,32,8,128,128,512,0.353364,17179869184,67108864
cudagraph_flashattn,bfloat16,16,32,8,128,128,256,0.176290,8589934592,50331648
cudagraph_flashattn,bfloat16,16,32,8,128,128,128,0.090882,4294967296,41943040
cudagraph_flashattn,bfloat16,16,32,8,128,64,32768,11.714165,549755813888,2164260864
cudagraph_flashattn,bfloat16,16,32,8,128,64,16384,5.869686,274877906944,1090519040
cudagraph_flashattn,bfloat16,16,32,8,128,64,8192,2.941022,137438953472,553648128
cudagraph_flashattn,bfloat16,16,32,8,128,64,4096,1.478938,68719476736,285212672
cudagraph_flashattn,bfloat16,16,32,8,128,64,2048,0.744718,34359738368,150994944
cudagraph_flashattn,bfloat16,16,32,8,128,64,1024,0.380757,17179869184,83886080
cudagraph_flashattn,bfloat16,16,32,8,128,64,512,0.197381,8589934592,50331648
cudagraph_flashattn,bfloat16,16,32,8,128,64,256,0.107497,4294967296,33554432
cudagraph_flashattn,bfloat16,16,32,8,128,64,128,0.061846,2147483648,25165824
cudagraph_flashattn,bfloat16,16,32,8,128,32,32768,11.686895,274877906944,2155872256
cudagraph_flashattn,bfloat16,16,32,8,128,32,16384,5.889422,137438953472,1082130432
cudagraph_flashattn,bfloat16,16,32,8,128,32,8192,2.944227,68719476736,545259520
cudagraph_flashattn,bfloat16,16,32,8,128,32,4096,1.478322,34359738368,276824064
cudagraph_flashattn,bfloat16,16,32,8,128,32,2048,0.743904,17179869184,142606336
cudagraph_flashattn,bfloat16,16,32,8,128,32,1024,0.376625,8589934592,75497472
cudagraph_flashattn,bfloat16,16,32,8,128,32,512,0.195413,4294967296,41943040
cudagraph_flashattn,bfloat16,16,32,8,128,32,256,0.103655,2147483648,25165824
cudagraph_flashattn,bfloat16,16,32,8,128,32,128,0.059296,1073741824,16777216
cudagraph_flashattn,bfloat16,16,32,8,128,16,32768,11.721089,137438953472,2151677952
cudagraph_flashattn,bfloat16,16,32,8,128,16,16384,5.860847,68719476736,1077936128
cudagraph_flashattn,bfloat16,16,32,8,128,16,8192,2.940259,34359738368,541065216
cudagraph_flashattn,bfloat16,16,32,8,128,16,4096,1.474268,17179869184,272629760
cudagraph_flashattn,bfloat16,16,32,8,128,16,2048,0.743759,8589934592,138412032
cudagraph_flashattn,bfloat16,16,32,8,128,16,1024,0.374341,4294967296,71303168
cudagraph_flashattn,bfloat16,16,32,8,128,16,512,0.193282,2147483648,37748736
cudagraph_flashattn,bfloat16,16,32,8,128,16,256,0.101430,1073741824,20971520
cudagraph_flashattn,bfloat16,16,32,8,128,16,128,0.056630,536870912,12582912
cudagraph_flashattn,bfloat16,16,32,8,128,1,32768,5.801069,8589934592,2147745792
cudagraph_flashattn,bfloat16,16,32,8,128,1,16384,2.930021,4294967296,1074003968
cudagraph_flashattn,bfloat16,16,32,8,128,1,8192,1.461337,2147483648,537133056
cudagraph_flashattn,bfloat16,16,32,8,128,1,4096,0.743040,1073741824,268697600
cudagraph_flashattn,bfloat16,16,32,8,128,1,2048,0.373992,536870912,134479872
cudagraph_flashattn,bfloat16,16,32,8,128,1,1024,0.191967,268435456,67371008
cudagraph_flashattn,bfloat16,16,32,8,128,1,512,0.098810,134217728,33816576
cudagraph_flashattn,bfloat16,16,32,8,128,1,256,0.053810,67108864,17039360
cudagraph_flashattn,bfloat16,16,32,8,128,1,128,0.031516,33554432,8650752
cudagraph_flashattn,bfloat16,4,32,8,128,8192,32768,317.284885,17592186044416,1073741824
cudagraph_flashattn,bfloat16,4,32,8,128,8192,16384,136.231417,8796093022208,805306368
cudagraph_flashattn,bfloat16,4,32,8,128,8192,8192,45.495615,4398046511104,671088640
cudagraph_flashattn,bfloat16,4,32,8,128,8192,4096,11.584719,2199023255552,603979776
cudagraph_flashattn,bfloat16,4,32,8,128,8192,2048,3.004885,1099511627776,570425344
cudagraph_flashattn,bfloat16,4,32,8,128,8192,1024,0.871915,549755813888,553648128
cudagraph_flashattn,bfloat16,4,32,8,128,8192,512,0.554903,274877906944,545259520
cudagraph_flashattn,bfloat16,4,32,8,128,8192,256,0.493541,137438953472,541065216
cudagraph_flashattn,bfloat16,4,32,8,128,8192,128,0.468843,68719476736,538968064
cudagraph_flashattn,bfloat16,4,32,8,128,4096,32768,169.967633,8796093022208,805306368
cudagraph_flashattn,bfloat16,4,32,8,128,4096,16384,79.881952,4398046511104,536870912
cudagraph_flashattn,bfloat16,4,32,8,128,4096,8192,34.068437,2199023255552,402653184
cudagraph_flashattn,bfloat16,4,32,8,128,4096,4096,11.643751,1099511627776,335544320
cudagraph_flashattn,bfloat16,4,32,8,128,4096,2048,2.986390,549755813888,301989888
cudagraph_flashattn,bfloat16,4,32,8,128,4096,1024,0.818173,274877906944,285212672
cudagraph_flashattn,bfloat16,4,32,8,128,4096,512,0.324296,137438953472,276824064
cudagraph_flashattn,bfloat16,4,32,8,128,4096,256,0.263790,68719476736,272629760
cudagraph_flashattn,bfloat16,4,32,8,128,4096,128,0.274464,34359738368,270532608
cudagraph_flashattn,bfloat16,4,32,8,128,2048,32768,88.299739,4398046511104,671088640
cudagraph_flashattn,bfloat16,4,32,8,128,2048,16384,42.561164,2199023255552,402653184
cudagraph_flashattn,bfloat16,4,32,8,128,2048,8192,20.044074,1099511627776,268435456
cudagraph_flashattn,bfloat16,4,32,8,128,2048,4096,8.627533,549755813888,201326592
cudagraph_flashattn,bfloat16,4,32,8,128,2048,2048,2.940020,274877906944,167772160
cudagraph_flashattn,bfloat16,4,32,8,128,2048,1024,0.805284,137438953472,150994944
cudagraph_flashattn,bfloat16,4,32,8,128,2048,512,0.246551,68719476736,142606336
cudagraph_flashattn,bfloat16,4,32,8,128,2048,256,0.150608,34359738368,138412032
cudagraph_flashattn,bfloat16,4,32,8,128,2048,128,0.130106,17179869184,136314880
cudagraph_flashattn,bfloat16,4,32,8,128,1024,32768,44.382962,2199023255552,603979776
cudagraph_flashattn,bfloat16,4,32,8,128,1024,16384,22.041422,1099511627776,335544320
cudagraph_flashattn,bfloat16,4,32,8,128,1024,8192,10.661090,549755813888,201326592
cudagraph_flashattn,bfloat16,4,32,8,128,1024,4096,5.003582,274877906944,134217728
cudagraph_flashattn,bfloat16,4,32,8,128,1024,2048,2.197982,137438953472,100663296
cudagraph_flashattn,bfloat16,4,32,8,128,1024,1024,0.787226,68719476736,83886080
cudagraph_flashattn,bfloat16,4,32,8,128,1024,512,0.233164,34359738368,75497472
cudagraph_flashattn,bfloat16,4,32,8,128,1024,256,0.096251,17179869184,71303168
cudagraph_flashattn,bfloat16,4,32,8,128,1024,128,0.075249,8589934592,69206016
cudagraph_flashattn,bfloat16,4,32,8,128,512,32768,24.960871,1099511627776,570425344
cudagraph_flashattn,bfloat16,4,32,8,128,512,16384,11.350854,549755813888,301989888
cudagraph_flashattn,bfloat16,4,32,8,128,512,8192,5.562709,274877906944,167772160
cudagraph_flashattn,bfloat16,4,32,8,128,512,4096,2.698909,137438953472,100663296
cudagraph_flashattn,bfloat16,4,32,8,128,512,2048,1.281720,68719476736,67108864
cudagraph_flashattn,bfloat16,4,32,8,128,512,1024,0.574571,34359738368,50331648
cudagraph_flashattn,bfloat16,4,32,8,128,512,512,0.225658,17179869184,41943040
cudagraph_flashattn,bfloat16,4,32,8,128,512,256,0.079888,8589934592,37748736
cudagraph_flashattn,bfloat16,4,32,8,128,512,128,0.049546,4294967296,35651584
cudagraph_flashattn,bfloat16,4,32,8,128,256,32768,11.646200,549755813888,553648128
cudagraph_flashattn,bfloat16,4,32,8,128,256,16384,5.752874,274877906944,285212672
cudagraph_flashattn,bfloat16,4,32,8,128,256,8192,2.854789,137438953472,150994944
cudagraph_flashattn,bfloat16,4,32,8,128,256,4096,1.426453,68719476736,83886080
cudagraph_flashattn,bfloat16,4,32,8,128,256,2048,0.701112,34359738368,50331648
cudagraph_flashattn,bfloat16,4,32,8,128,256,1024,0.344601,17179869184,33554432
cudagraph_flashattn,bfloat16,4,32,8,128,256,512,0.164973,8589934592,25165824
cudagraph_flashattn,bfloat16,4,32,8,128,256,256,0.077509,4294967296,20971520
cudagraph_flashattn,bfloat16,4,32,8,128,256,128,0.036718,2147483648,18874368
cudagraph_flashattn,bfloat16,4,32,8,128,128,32768,5.835246,274877906944,545259520
cudagraph_flashattn,bfloat16,4,32,8,128,128,16384,2.909171,137438953472,276824064
cudagraph_flashattn,bfloat16,4,32,8,128,128,8192,1.463141,68719476736,142606336
cudagraph_flashattn,bfloat16,4,32,8,128,128,4096,0.734801,34359738368,75497472
cudagraph_flashattn,bfloat16,4,32,8,128,128,2048,0.372039,17179869184,41943040
cudagraph_flashattn,bfloat16,4,32,8,128,128,1024,0.190194,8589934592,25165824
cudagraph_flashattn,bfloat16,4,32,8,128,128,512,0.100073,4294967296,16777216
cudagraph_flashattn,bfloat16,4,32,8,128,128,256,0.054748,2147483648,12582912
cudagraph_flashattn,bfloat16,4,32,8,128,128,128,0.033693,1073741824,10485760
cudagraph_flashattn,bfloat16,4,32,8,128,64,32768,2.888744,137438953472,541065216
cudagraph_flashattn,bfloat16,4,32,8,128,64,16384,1.490952,68719476736,272629760
cudagraph_flashattn,bfloat16,4,32,8,128,64,8192,0.754600,34359738368,138412032
cudagraph_flashattn,bfloat16,4,32,8,128,64,4096,0.384069,17179869184,71303168
cudagraph_flashattn,bfloat16,4,32,8,128,64,2048,0.197486,8589934592,37748736
cudagraph_flashattn,bfloat16,4,32,8,128,64,1024,0.102053,4294967296,20971520
cudagraph_flashattn,bfloat16,4,32,8,128,64,512,0.057021,2147483648,12582912
cudagraph_flashattn,bfloat16,4,32,8,128,64,256,0.034314,1073741824,8388608
cudagraph_flashattn,bfloat16,4,32,8,128,64,128,0.023025,536870912,6291456
cudagraph_flashattn,bfloat16,4,32,8,128,32,32768,2.821367,68719476736,538968064
cudagraph_flashattn,bfloat16,4,32,8,128,32,16384,1.467276,34359738368,270532608
cudagraph_flashattn,bfloat16,4,32,8,128,32,8192,0.747686,17179869184,136314880
cudagraph_flashattn,bfloat16,4,32,8,128,32,4096,0.378799,8589934592,69206016
cudagraph_flashattn,bfloat16,4,32,8,128,32,2048,0.193606,4294967296,35651584
cudagraph_flashattn,bfloat16,4,32,8,128,32,1024,0.101401,2147483648,18874368
cudagraph_flashattn,bfloat16,4,32,8,128,32,512,0.054258,1073741824,10485760
cudagraph_flashattn,bfloat16,4,32,8,128,32,256,0.032305,536870912,6291456
cudagraph_flashattn,bfloat16,4,32,8,128,32,128,0.020155,268435456,4194304
cudagraph_flashattn,bfloat16,4,32,8,128,16,32768,2.831418,34359738368,537919488
cudagraph_flashattn,bfloat16,4,32,8,128,16,16384,1.474791,17179869184,269484032
cudagraph_flashattn,bfloat16,4,32,8,128,16,8192,0.737363,8589934592,135266304
cudagraph_flashattn,bfloat16,4,32,8,128,16,4096,0.378779,4294967296,68157440
cudagraph_flashattn,bfloat16,4,32,8,128,16,2048,0.192822,2147483648,34603008
cudagraph_flashattn,bfloat16,4,32,8,128,16,1024,0.100070,1073741824,17825792
cudagraph_flashattn,bfloat16,4,32,8,128,16,512,0.055134,536870912,9437184
cudagraph_flashattn,bfloat16,4,32,8,128,16,256,0.031231,268435456,5242880
cudagraph_flashattn,bfloat16,4,32,8,128,16,128,0.019879,134217728,3145728
cudagraph_flashattn,bfloat16,4,32,8,128,1,32768,0.769857,2147483648,536936448
cudagraph_flashattn,bfloat16,4,32,8,128,1,16384,0.400814,1073741824,268500992
cudagraph_flashattn,bfloat16,4,32,8,128,1,8192,0.209943,536870912,134283264
cudagraph_flashattn,bfloat16,4,32,8,128,1,4096,0.113953,268435456,67174400
cudagraph_flashattn,bfloat16,4,32,8,128,1,2048,0.067761,134217728,33619968
cudagraph_flashattn,bfloat16,4,32,8,128,1,1024,0.043427,67108864,16842752
cudagraph_flashattn,bfloat16,4,32,8,128,1,512,0.030011,33554432,8454144
cudagraph_flashattn,bfloat16,4,32,8,128,1,256,0.017783,16777216,4259840
cudagraph_flashattn,bfloat16,4,32,8,128,1,128,0.018442,8388608,2162688
cudagraph_flashattn,bfloat16,1,32,8,128,8192,32768,76.130912,4398046511104,268435456
cudagraph_flashattn,bfloat16,1,32,8,128,8192,16384,33.268849,2199023255552,201326592
cudagraph_flashattn,bfloat16,1,32,8,128,8192,8192,11.245300,1099511627776,167772160
cudagraph_flashattn,bfloat16,1,32,8,128,8192,4096,2.921401,549755813888,150994944
cudagraph_flashattn,bfloat16,1,32,8,128,8192,2048,0.794038,274877906944,142606336
cudagraph_flashattn,bfloat16,1,32,8,128,8192,1024,0.253361,137438953472,138412032
cudagraph_flashattn,bfloat16,1,32,8,128,8192,512,0.153418,68719476736,136314880
cudagraph_flashattn,bfloat16,1,32,8,128,8192,256,0.131067,34359738368,135266304
cudagraph_flashattn,bfloat16,1,32,8,128,8192,128,0.121969,17179869184,134742016
cudagraph_flashattn,bfloat16,1,32,8,128,4096,32768,41.406022,2199023255552,201326592
cudagraph_flashattn,bfloat16,1,32,8,128,4096,16384,19.451551,1099511627776,134217728
cudagraph_flashattn,bfloat16,1,32,8,128,4096,8192,8.465450,549755813888,100663296
cudagraph_flashattn,bfloat16,1,32,8,128,4096,4096,2.907910,274877906944,83886080
cudagraph_flashattn,bfloat16,1,32,8,128,4096,2048,0.785663,137438953472,75497472
cudagraph_flashattn,bfloat16,1,32,8,128,4096,1024,0.237475,68719476736,71303168
cudagraph_flashattn,bfloat16,1,32,8,128,4096,512,0.100753,34359738368,69206016
cudagraph_flashattn,bfloat16,1,32,8,128,4096,256,0.077955,17179869184,68157440
cudagraph_flashattn,bfloat16,1,32,8,128,4096,128,0.067871,8589934592,67633152
cudagraph_flashattn,bfloat16,1,32,8,128,2048,32768,21.700963,1099511627776,167772160
cudagraph_flashattn,bfloat16,1,32,8,128,2048,16384,10.580717,549755813888,100663296
cudagraph_flashattn,bfloat16,1,32,8,128,2048,8192,4.928761,274877906944,67108864
cudagraph_flashattn,bfloat16,1,32,8,128,2048,4096,2.163713,137438953472,50331648
cudagraph_flashattn,bfloat16,1,32,8,128,2048,2048,0.780268,68719476736,41943040
cudagraph_flashattn,bfloat16,1,32,8,128,2048,1024,0.232611,34359738368,37748736
cudagraph_flashattn,bfloat16,1,32,8,128,2048,512,0.084427,17179869184,35651584
cudagraph_flashattn,bfloat16,1,32,8,128,2048,256,0.051881,8589934592,34603008
cudagraph_flashattn,bfloat16,1,32,8,128,2048,128,0.041507,4294967296,34078720
cudagraph_flashattn,bfloat16,1,32,8,128,1024,32768,10.966336,549755813888,150994944
cudagraph_flashattn,bfloat16,1,32,8,128,1024,16384,5.517442,274877906944,83886080
cudagraph_flashattn,bfloat16,1,32,8,128,1024,8192,2.694578,137438953472,50331648
cudagraph_flashattn,bfloat16,1,32,8,128,1024,4096,1.290099,68719476736,33554432
cudagraph_flashattn,bfloat16,1,32,8,128,1024,2048,0.580953,34359738368,25165824
cudagraph_flashattn,bfloat16,1,32,8,128,1024,1024,0.228973,17179869184,20971520
cudagraph_flashattn,bfloat16,1,32,8,128,1024,512,0.078391,8589934592,18874368
cudagraph_flashattn,bfloat16,1,32,8,128,1024,256,0.040177,4294967296,17825792
cudagraph_flashattn,bfloat16,1,32,8,128,1024,128,0.029072,2147483648,17301504
cudagraph_flashattn,bfloat16,1,32,8,128,512,32768,5.751556,274877906944,142606336
cudagraph_flashattn,bfloat16,1,32,8,128,512,16384,2.799618,137438953472,75497472
cudagraph_flashattn,bfloat16,1,32,8,128,512,8192,1.416415,68719476736,41943040
cudagraph_flashattn,bfloat16,1,32,8,128,512,4096,0.710766,34359738368,25165824
cudagraph_flashattn,bfloat16,1,32,8,128,512,2048,0.352637,17179869184,16777216
cudagraph_flashattn,bfloat16,1,32,8,128,512,1024,0.172899,8589934592,12582912
cudagraph_flashattn,bfloat16,1,32,8,128,512,512,0.075814,4294967296,10485760
cudagraph_flashattn,bfloat16,1,32,8,128,512,256,0.035041,2147483648,9437184
cudagraph_flashattn,bfloat16,1,32,8,128,512,128,0.022606,1073741824,8912896
cudagraph_flashattn,bfloat16,1,32,8,128,256,32768,2.834590,137438953472,138412032
cudagraph_flashattn,bfloat16,1,32,8,128,256,16384,1.448208,68719476736,71303168
cudagraph_flashattn,bfloat16,1,32,8,128,256,8192,0.736416,34359738368,37748736
cudagraph_flashattn,bfloat16,1,32,8,128,256,4096,0.374378,17179869184,20971520
cudagraph_flashattn,bfloat16,1,32,8,128,256,2048,0.192514,8589934592,12582912
cudagraph_flashattn,bfloat16,1,32,8,128,256,1024,0.100913,4294967296,8388608
cudagraph_flashattn,bfloat16,1,32,8,128,256,512,0.054692,2147483648,6291456
cudagraph_flashattn,bfloat16,1,32,8,128,256,256,0.030297,1073741824,5242880
cudagraph_flashattn,bfloat16,1,32,8,128,256,128,0.019466,536870912,4718592
cudagraph_flashattn,bfloat16,1,32,8,128,128,32768,1.414735,68719476736,136314880
cudagraph_flashattn,bfloat16,1,32,8,128,128,16384,0.750027,34359738368,69206016
cudagraph_flashattn,bfloat16,1,32,8,128,128,8192,0.394809,17179869184,35651584
cudagraph_flashattn,bfloat16,1,32,8,128,128,4096,0.211275,8589934592,18874368
cudagraph_flashattn,bfloat16,1,32,8,128,128,2048,0.117527,4294967296,10485760
cudagraph_flashattn,bfloat16,1,32,8,128,128,1024,0.069850,2147483648,6291456
cudagraph_flashattn,bfloat16,1,32,8,128,128,512,0.047783,1073741824,4194304
cudagraph_flashattn,bfloat16,1,32,8,128,128,256,0.036547,536870912,3145728
cudagraph_flashattn,bfloat16,1,32,8,128,128,128,0.016367,268435456,2621440
cudagraph_flashattn,bfloat16,1,32,8,128,64,32768,0.697922,34359738368,135266304
cudagraph_flashattn,bfloat16,1,32,8,128,64,16384,0.383448,17179869184,68157440
cudagraph_flashattn,bfloat16,1,32,8,128,64,8192,0.204669,8589934592,34603008
cudagraph_flashattn,bfloat16,1,32,8,128,64,4096,0.112886,4294967296,17825792
cudagraph_flashattn,bfloat16,1,32,8,128,64,2048,0.066678,2147483648,9437184
cudagraph_flashattn,bfloat16,1,32,8,128,64,1024,0.046048,1073741824,5242880
cudagraph_flashattn,bfloat16,1,32,8,128,64,512,0.034940,536870912,3145728
cudagraph_flashattn,bfloat16,1,32,8,128,64,256,0.021152,268435456,2097152
cudagraph_flashattn,bfloat16,1,32,8,128,64,128,0.016394,134217728,1572864
cudagraph_flashattn,bfloat16,1,32,8,128,32,32768,0.686199,17179869184,134742016
cudagraph_flashattn,bfloat16,1,32,8,128,32,16384,0.374999,8589934592,67633152
cudagraph_flashattn,bfloat16,1,32,8,128,32,8192,0.199933,4294967296,34078720
cudagraph_flashattn,bfloat16,1,32,8,128,32,4096,0.108106,2147483648,17301504
cudagraph_flashattn,bfloat16,1,32,8,128,32,2048,0.064129,1073741824,8912896
cudagraph_flashattn,bfloat16,1,32,8,128,32,1024,0.040742,536870912,4718592
cudagraph_flashattn,bfloat16,1,32,8,128,32,512,0.027868,268435456,2621440
cudagraph_flashattn,bfloat16,1,32,8,128,32,256,0.018978,134217728,1572864
cudagraph_flashattn,bfloat16,1,32,8,128,32,128,0.016700,67108864,1048576
cudagraph_flashattn,bfloat16,1,32,8,128,16,32768,0.668876,8589934592,134479872
cudagraph_flashattn,bfloat16,1,32,8,128,16,16384,0.368591,4294967296,67371008
cudagraph_flashattn,bfloat16,1,32,8,128,16,8192,0.194511,2147483648,33816576
cudagraph_flashattn,bfloat16,1,32,8,128,16,4096,0.106787,1073741824,17039360
cudagraph_flashattn,bfloat16,1,32,8,128,16,2048,0.062311,536870912,8650752
cudagraph_flashattn,bfloat16,1,32,8,128,16,1024,0.038096,268435456,4456448
cudagraph_flashattn,bfloat16,1,32,8,128,16,512,0.026355,134217728,2359296
cudagraph_flashattn,bfloat16,1,32,8,128,16,256,0.018201,67108864,1310720
cudagraph_flashattn,bfloat16,1,32,8,128,16,128,0.016306,33554432,786432
cudagraph_flashattn,bfloat16,1,32,8,128,1,32768,0.235995,536870912,134234112
cudagraph_flashattn,bfloat16,1,32,8,128,1,16384,0.125789,268435456,67125248
cudagraph_flashattn,bfloat16,1,32,8,128,1,8192,0.073234,134217728,33570816
cudagraph_flashattn,bfloat16,1,32,8,128,1,4096,0.048069,67108864,16793600
cudagraph_flashattn,bfloat16,1,32,8,128,1,2048,0.032067,33554432,8404992
cudagraph_flashattn,bfloat16,1,32,8,128,1,1024,0.018391,16777216,4210688
cudagraph_flashattn,bfloat16,1,32,8,128,1,512,0.017390,8388608,2113536
cudagraph_flashattn,bfloat16,1,32,8,128,1,256,0.017108,4194304,1064960
cudagraph_flashattn,bfloat16,1,32,8,128,1,128,0.018418,2097152,540672
